transactions_id,sale_date,sale_time,customer_id,gender,age,category,quantity,price_per_unit,cogs,total_sale
1,2022-12-16,19:10:00,50,Male,34,Beauty,3,50,16,150
2,2022-06-24,10:07:00,104,Female,26,Clothing,2,500,135,1000
3,2022-06-14,07:08:00,114,Male,50,Electronics,1,30,8,30
4,2023-08-27,18:12:00,3,Male,37,Clothing,1,500,200,500
5,2023-09-05,22:10:00,3,Male,30,Beauty,2,50,24,100
6,2023-11-15,22:16:00,2,Female,45,Beauty,1,30,15,30
7,2023-07-06,06:24:00,38,Male,46,Clothing,2,25,13,50
8,2022-12-27,11:19:00,148,Male,30,Electronics,4,25,11,100
9,2022-12-02,13:12:00,85,Male,63,Electronics,2,300,78,600
10,2022-10-24,22:55:00,81,Female,52,Clothing,4,50,63,200
11,2022-02-27,10:30:00,151,Male,23,Clothing,2,50,24,100
12,2022-12-09,22:09:00,114,Male,35,Beauty,3,25,25,75
13,2023-02-08,17:43:00,106,Male,22,Electronics,3,500,245,1500
14,2022-05-18,07:11:00,8,Male,64,Clothing,4,30,13,120
15,2022-07-01,11:50:00,75,Female,42,Electronics,4,500,210,2000
16,2022-06-25,10:33:00,82,Male,19,Clothing,3,500,180,1500
17,2023-02-25,21:08:00,3,Female,27,Clothing,4,25,13,100
18,2023-09-06,19:13:00,5,Female,47,Electronics,2,25,13,50
19,2023-11-26,19:39:00,30,Female,62,Clothing,2,25,29,50
20,2023-12-12,21:35:00,85,Male,22,Clothing,3,300,345,900
21,2022-07-11,07:33:00,59,Female,50,Beauty,1,500,275,500
22,2023-11-25,17:11:00,66,Male,18,Clothing,2,50,61,100
23,2023-09-28,07:05:00,4,Female,35,Clothing,4,30,15,120
24,2023-12-14,22:59:00,59,Female,49,Clothing,1,300,87,300
25,2022-11-20,14:32:00,61,Female,64,Beauty,1,50,19,50
26,2023-10-14,17:54:00,51,Female,28,Electronics,2,500,600,1000
27,2023-12-14,19:44:00,39,Female,38,Beauty,2,25,8,50
28,2023-12-11,22:34:00,3,Female,43,Beauty,1,500,150,500
29,2022-03-08,20:10:00,31,Female,42,Electronics,1,30,14,30
30,2023-10-10,20:05:00,59,Female,39,Beauty,3,300,285,900
31,2023-12-31,17:47:00,3,Male,44,Electronics,4,300,129,1200
32,2022-07-16,09:11:00,150,Male,30,Beauty,3,30,8,90
33,2023-12-24,07:40:00,33,Female,50,Electronics,2,50,21,100
34,2023-09-24,13:26:00,87,Female,51,Clothing,3,50,17,150
35,2022-10-29,17:30:00,122,Female,58,Beauty,3,300,126,900
36,2023-02-22,22:06:00,40,Male,52,Beauty,3,300,144,900
37,2023-05-26,22:42:00,2,Female,18,Beauty,3,25,9,75
38,2023-02-25,11:39:00,147,Male,38,Beauty,4,50,26,200
39,2023-07-11,22:44:00,5,Male,23,Clothing,4,30,9,120
40,2022-06-07,21:33:00,78,Male,45,Beauty,1,50,25,50
41,2022-10-11,10:36:00,88,Male,34,Clothing,2,25,13,50
42,2022-12-08,08:29:00,63,Male,22,Clothing,3,300,147,900
43,2023-03-18,21:42:00,118,Female,48,Clothing,1,300,111,300
44,2022-03-03,11:07:00,93,Female,22,Clothing,1,25,12,25
45,2022-03-20,18:27:00,121,Female,55,Electronics,1,30,11,30
46,2022-11-08,17:50:00,54,Female,20,Electronics,4,300,84,1200
47,2022-10-22,17:22:00,96,Female,40,Beauty,3,500,600,1500
48,2023-10-06,17:34:00,2,Male,54,Electronics,3,300,123,900
49,2022-09-17,10:33:00,37,Female,54,Electronics,2,500,255,1000
50,2022-03-29,18:51:00,71,Female,27,Beauty,3,25,11,75
51,2022-10-12,22:09:00,78,Male,27,Beauty,3,25,25,75
52,2022-09-19,09:42:00,55,Female,36,Beauty,1,300,111,300
53,2022-01-06,17:57:00,32,Male,34,Electronics,2,50,22,100
54,2022-10-20,10:17:00,142,Female,38,Electronics,3,500,200,1500
55,2023-09-28,20:32:00,57,Male,31,Beauty,4,30,32,120
56,2022-12-27,19:37:00,97,Female,26,Clothing,3,300,120,900
57,2022-10-11,20:12:00,64,Female,63,Beauty,1,30,10,30
58,2023-09-16,19:18:00,53,Male,18,Clothing,4,300,75,1200
59,2022-11-14,18:28:00,61,Male,62,Clothing,1,50,27,50
60,2022-12-04,18:15:00,91,Male,30,Beauty,3,50,61,150
61,2023-07-07,11:47:00,4,Male,21,Beauty,4,50,20,200
62,2023-09-16,12:54:00,50,Male,18,Beauty,2,50,27,100
63,2022-02-03,11:49:00,127,Male,57,Electronics,2,25,6,50
64,2022-11-15,06:34:00,7,Male,49,Clothing,4,25,9,100
65,2022-12-11,20:03:00,84,Male,51,Electronics,4,500,160,2000
66,2023-06-18,22:49:00,3,Female,45,Electronics,1,30,9,30
67,2023-08-19,20:19:00,119,Female,48,Beauty,4,300,129,1200
68,2022-12-15,09:06:00,146,Male,25,Electronics,1,300,84,300
69,2023-11-14,22:44:00,1,Female,56,Beauty,3,25,9,75
70,2022-12-27,10:48:00,147,Female,43,Clothing,1,300,84,300
71,2023-02-16,19:11:00,32,Female,51,Beauty,4,25,12,100
72,2023-12-06,19:19:00,5,Female,20,Electronics,4,500,195,2000
73,2022-01-14,21:47:00,42,Male,29,Electronics,3,30,9,90
74,2023-10-05,19:50:00,56,Female,18,Beauty,4,500,205,2000
75,2023-05-15,20:51:00,110,Male,61,Beauty,4,50,14,200
76,2023-09-09,07:33:00,70,Female,22,Electronics,2,50,15,100
77,2022-04-07,20:45:00,44,Female,47,Clothing,2,50,24,100
78,2023-02-17,21:08:00,68,Female,47,Clothing,3,500,265,1500
79,2023-04-13,10:15:00,1,Male,34,Beauty,1,300,96,300
80,2023-10-22,16:51:00,82,Female,64,Clothing,2,30,12,60
81,2023-06-07,22:48:00,4,Male,40,Electronics,1,50,15,50
82,2022-09-08,12:55:00,85,Female,32,Beauty,4,50,15,200
83,2022-11-27,15:57:00,56,Male,54,Electronics,2,50,17,100
84,2023-11-10,17:17:00,89,Female,38,Electronics,3,30,10,90
85,2022-09-03,08:05:00,68,Male,31,Clothing,3,50,19,150
86,2023-09-29,18:55:00,69,Male,19,Beauty,3,30,16,90
87,2022-09-07,18:09:00,104,Female,28,Beauty,2,50,16,100
88,2023-02-16,08:31:00,122,Male,56,Clothing,1,500,185,500
89,2023-12-30,21:15:00,117,Female,55,Electronics,4,500,590,2000
90,2023-09-10,17:53:00,3,Female,51,Electronics,1,30,14,30
91,2023-04-14,06:31:00,152,Female,55,Electronics,1,500,235,500
92,2022-03-21,19:41:00,10,Female,51,Electronics,4,30,9,120
93,2022-01-25,20:52:00,148,Female,35,Beauty,4,500,140,2000
94,2023-03-13,22:39:00,5,Female,47,Beauty,2,500,250,1000
95,2022-11-06,19:57:00,103,Female,32,Clothing,2,30,8,60
96,2023-11-22,14:10:00,62,Female,44,Clothing,2,300,84,600
97,2022-11-26,18:17:00,112,Female,51,Beauty,2,500,555,1000
98,2023-04-09,19:41:00,1,Female,55,Beauty,2,50,20,100
99,2023-11-19,15:12:00,71,Female,50,Electronics,4,300,132,1200
100,2022-02-08,19:34:00,21,Male,41,Electronics,1,30,9,30
101,2022-01-08,08:46:00,24,Male,32,Clothing,2,300,135,600
102,2023-04-17,21:34:00,5,Female,47,Beauty,2,25,7,50
103,2022-11-12,10:05:00,33,Female,59,Clothing,1,25,11,25
104,2022-06-09,22:58:00,129,Female,34,Beauty,2,500,190,1000
105,2023-06-18,18:05:00,82,Female,22,Electronics,1,500,230,500
106,2023-05-17,18:58:00,1,Female,46,Clothing,1,50,15,50
107,2022-10-06,09:18:00,75,Female,21,Clothing,4,300,78,1200
108,2023-01-24,09:38:00,5,Female,27,Beauty,3,25,14,75
109,2023-09-06,19:57:00,94,Female,34,Electronics,4,500,560,2000
110,2022-11-18,17:28:00,149,Male,27,Clothing,3,300,99,900
111,2023-04-15,09:45:00,5,Female,34,Electronics,3,500,130,1500
112,2023-12-25,18:44:00,57,Male,37,Clothing,3,500,165,1500
113,2022-10-08,19:14:00,72,Female,41,Electronics,2,25,26,50
114,2022-04-17,20:57:00,92,Female,22,Beauty,4,25,9,100
115,2022-09-02,19:21:00,67,Male,51,Clothing,3,500,255,1500
116,2023-06-22,20:04:00,58,Female,23,Clothing,1,30,15,30
117,2023-08-04,11:38:00,8,Male,19,Electronics,2,500,230,1000
118,2023-03-13,20:07:00,3,Female,30,Electronics,4,500,270,2000
119,2023-09-01,09:11:00,127,Female,60,Clothing,3,50,28,150
120,2023-03-31,19:35:00,4,Male,60,Beauty,1,50,13,50
121,2023-10-07,18:57:00,110,Female,28,Electronics,4,50,55,200
122,2023-12-01,19:02:00,1,Male,64,Electronics,4,30,35,120
123,2023-08-11,19:00:00,3,Female,40,Electronics,2,30,12,60
124,2022-12-24,21:17:00,83,Male,33,Clothing,4,500,515,2000
125,2022-09-28,18:48:00,137,Male,48,Clothing,2,50,19,100
126,2022-11-01,18:16:00,63,Female,28,Clothing,3,30,29,90
127,2023-05-20,19:37:00,40,Female,33,Clothing,2,25,8,50
128,2022-12-21,22:22:00,77,Male,25,Beauty,1,500,180,500
129,2023-04-17,17:42:00,1,Female,21,Beauty,2,300,75,600
130,2023-06-19,06:21:00,114,Female,57,Clothing,1,500,125,500
131,2023-09-29,22:32:00,44,Female,21,Beauty,2,300,375,600
132,2023-11-22,20:34:00,86,Male,42,Electronics,4,50,62,200
133,2022-06-23,09:01:00,70,Male,20,Electronics,3,300,87,900
134,2022-08-25,09:03:00,132,Male,49,Electronics,1,50,16,50
135,2022-04-18,07:22:00,104,Male,20,Clothing,2,25,13,50
136,2023-12-26,08:59:00,25,Male,44,Electronics,2,300,141,600
137,2022-09-10,20:42:00,66,Male,46,Beauty,2,500,125,1000
138,2023-04-27,10:56:00,127,Male,49,Clothing,4,50,27,200
139,2023-09-15,14:03:00,113,Male,36,Beauty,4,500,230,2000
140,2022-07-07,20:20:00,61,Male,38,Electronics,1,30,14,30
141,2022-11-01,19:26:00,54,Female,22,Electronics,1,50,59,50
142,2022-04-08,10:05:00,61,Male,35,Electronics,4,300,138,1200
143,2023-02-11,22:20:00,118,Female,45,Clothing,1,50,28,50
144,2022-03-26,22:18:00,119,Female,59,Beauty,3,500,255,1500
145,2022-11-06,19:21:00,64,Female,39,Clothing,3,25,28,75
146,2022-11-10,22:01:00,74,Male,38,Clothing,4,50,49,200
147,2022-11-12,20:30:00,101,Male,23,Electronics,1,300,297,300
148,2023-07-03,20:39:00,5,Male,18,Clothing,2,30,10,60
149,2023-10-14,17:52:00,73,Male,22,Clothing,3,25,27,75
150,2022-04-13,08:25:00,89,Female,0,Electronics,4,30,16,120
151,2023-10-12,15:49:00,108,Male,29,Clothing,1,50,18,50
152,2022-06-16,11:58:00,120,Male,43,Electronics,4,500,210,2000
153,2023-11-19,15:52:00,62,Male,63,Electronics,2,500,195,1000
154,2022-12-24,17:47:00,24,Male,51,Electronics,3,300,321,900
155,2023-07-18,18:05:00,3,Male,31,Electronics,4,500,150,2000
156,2022-12-02,19:34:00,60,Female,43,Clothing,4,25,7,100
157,2022-05-15,21:59:00,98,Male,62,Electronics,4,500,170,2000
158,2022-01-21,11:38:00,141,Female,44,Electronics,2,300,132,600
159,2022-11-10,21:30:00,42,Male,26,Clothing,4,50,24,200
160,2022-07-20,17:08:00,127,Female,43,Clothing,2,50,27,100
161,2023-07-01,06:58:00,104,Male,64,Beauty,2,500,195,1000
162,2023-04-11,19:37:00,118,Male,39,Clothing,2,30,9,60
163,2022-10-31,09:38:00,144,Female,64,Clothing,3,50,23,150
164,2023-02-28,18:26:00,3,Female,47,Beauty,3,500,185,1500
165,2022-09-24,19:01:00,75,Female,60,Clothing,4,300,318,1200
166,2023-01-28,11:42:00,32,Male,34,Clothing,4,500,225,2000
167,2023-09-21,20:58:00,73,Female,43,Clothing,3,50,49,150
168,2022-04-29,09:20:00,138,Male,53,Clothing,1,300,102,300
169,2022-11-28,18:47:00,73,Male,18,Beauty,3,500,145,1500
170,2023-09-21,20:46:00,125,Female,25,Clothing,2,25,13,50
171,2022-10-14,20:10:00,109,Female,52,Clothing,3,300,126,900
172,2022-10-21,18:09:00,52,Male,32,Beauty,2,25,28,50
173,2023-12-19,17:30:00,85,Male,64,Electronics,4,30,14,120
174,2023-11-15,06:07:00,2,Female,39,Beauty,1,300,126,300
175,2023-01-25,10:02:00,23,Female,31,Electronics,4,25,13,100
176,2023-05-26,18:15:00,53,Female,43,Beauty,2,50,26,100
177,2023-03-24,08:40:00,30,Male,45,Beauty,2,50,27,100
178,2023-10-11,17:51:00,142,Male,40,Clothing,2,30,34,60
179,2023-10-07,20:42:00,121,Male,31,Electronics,1,300,375,300
180,2022-11-05,10:47:00,117,Male,41,Clothing,3,300,129,900
181,2023-11-06,19:59:00,79,Male,19,Electronics,4,300,327,1200
182,2023-06-21,19:27:00,27,Male,62,Beauty,4,30,10,120
183,2022-09-01,19:22:00,28,Female,43,Beauty,3,300,375,900
184,2022-02-13,06:44:00,128,Male,31,Electronics,4,50,17,200
185,2022-06-27,09:48:00,57,Male,24,Clothing,1,25,7,25
186,2022-03-31,18:15:00,92,Male,20,Clothing,4,50,24,200
187,2022-02-20,20:19:00,88,Female,64,Clothing,2,50,21,100
188,2023-08-31,18:50:00,3,Male,40,Clothing,3,25,9,75
189,2022-01-02,09:44:00,143,Male,63,Beauty,1,50,15,50
190,2023-01-25,17:56:00,2,Female,60,Beauty,3,30,11,90
191,2023-12-22,21:24:00,71,Male,64,Beauty,1,25,28,25
192,2022-11-08,08:05:00,134,Male,62,Beauty,2,50,13,100
193,2022-03-27,10:40:00,55,Male,35,Beauty,3,500,180,1500
194,2023-10-11,19:27:00,116,Male,55,Clothing,4,50,52,200
195,2022-08-14,11:51:00,10,Male,52,Clothing,1,30,9,30
196,2023-12-29,19:14:00,43,Female,32,Clothing,3,300,312,900
197,2022-04-03,11:57:00,14,Female,42,Clothing,4,50,26,200
198,2022-05-21,11:42:00,30,Female,54,Beauty,3,300,114,900
199,2023-10-26,21:34:00,53,Male,45,Beauty,3,500,135,1500
200,2022-10-09,22:29:00,130,Male,27,Beauty,3,50,60,150
201,2022-10-13,19:08:00,105,Male,56,Electronics,1,25,30,25
202,2023-01-25,06:24:00,61,Female,34,Clothing,4,300,120,1200
203,2023-03-12,21:33:00,4,Male,56,Clothing,2,500,175,1000
204,2022-09-10,21:04:00,101,Male,39,Beauty,1,25,31,25
205,2022-11-22,17:20:00,88,Female,43,Clothing,1,25,26,25
206,2022-09-02,18:18:00,31,Male,61,Clothing,1,25,12,25
207,2023-08-06,08:34:00,3,Female,42,Beauty,2,25,10,50
208,2023-10-21,20:56:00,144,Female,34,Electronics,4,50,57,200
209,2022-09-03,12:22:00,61,Female,30,Electronics,4,50,14,200
210,2023-10-07,08:50:00,2,Male,37,Electronics,4,50,19,200
211,2022-09-12,14:02:00,54,Male,42,Beauty,3,500,235,1500
212,2023-10-12,18:13:00,105,Male,21,Clothing,3,500,215,1500
213,2023-08-13,20:48:00,113,Male,27,Beauty,3,500,275,1500
214,2022-11-05,16:31:00,53,Male,20,Beauty,2,30,8,60
215,2022-10-03,21:20:00,101,Male,58,Clothing,3,500,145,1500
216,2022-11-04,17:28:00,141,Male,62,Electronics,2,50,27,100
217,2022-05-02,17:01:00,17,Female,35,Electronics,4,50,27,200
218,2022-11-24,20:39:00,144,Male,64,Beauty,3,30,34,90
219,2023-09-16,22:34:00,79,Female,53,Electronics,3,30,10,90
220,2022-05-07,06:44:00,138,Male,64,Beauty,1,500,140,500
221,2023-11-27,21:01:00,3,Male,39,Beauty,2,300,111,600
222,2023-01-07,18:56:00,4,Male,51,Clothing,4,30,11,120
223,2022-01-15,11:18:00,61,Female,64,Clothing,1,25,12,25
224,2022-11-11,21:32:00,99,Female,25,Clothing,1,50,24,50
225,2022-03-05,07:37:00,85,Female,57,Beauty,4,25,13,100
226,2022-09-23,17:02:00,69,Female,61,Clothing,1,50,58,50
227,2023-11-15,19:19:00,87,Male,36,Electronics,2,50,51,100
228,2023-04-03,20:26:00,4,Female,59,Electronics,2,30,11,60
229,2023-11-09,19:23:00,92,Male,58,Beauty,3,30,37,90
230,2023-03-26,17:44:00,5,Male,54,Beauty,1,25,13,25
231,2022-07-09,07:02:00,50,Female,23,Clothing,3,50,27,150
232,2022-08-12,07:14:00,150,Female,43,Beauty,1,25,13,25
233,2022-09-03,13:09:00,81,Female,51,Beauty,2,300,132,600
234,2023-12-09,17:42:00,64,Female,62,Electronics,2,25,14,50
235,2022-03-10,10:13:00,132,Female,23,Electronics,2,500,275,1000
236,2023-04-01,22:18:00,5,Female,54,Clothing,1,25,7,25
237,2022-04-11,08:54:00,105,Female,50,Beauty,2,500,165,1000
238,2022-05-10,11:52:00,20,Female,39,Beauty,1,500,150,500
239,2022-09-19,19:34:00,1,Male,38,Electronics,3,500,165,1500
240,2022-11-05,11:49:00,95,Female,23,Beauty,1,300,123,300
241,2023-12-19,20:21:00,108,Female,23,Electronics,3,25,27,75
242,2023-10-01,18:28:00,1,Male,21,Clothing,1,25,8,25
243,2023-06-24,18:02:00,5,Female,47,Electronics,3,300,156,900
244,2023-09-14,13:57:00,101,Male,28,Beauty,2,50,21,100
245,2023-12-01,21:41:00,75,Male,47,Clothing,3,30,36,90
246,2023-12-07,20:05:00,4,Female,48,Electronics,2,25,13,50
247,2022-12-23,17:56:00,82,Male,41,Electronics,2,30,32,60
248,2022-07-02,07:11:00,5,Male,26,Clothing,3,300,126,900
249,2022-09-28,20:17:00,109,Male,20,Clothing,1,50,54,50
250,2022-12-24,23:00:00,91,Male,48,Electronics,1,50,61,50
251,2022-09-15,21:00:00,141,Female,57,Beauty,4,50,63,200
252,2023-05-05,17:37:00,1,Male,54,Electronics,1,300,84,300
253,2022-09-30,21:26:00,66,Female,53,Clothing,4,500,525,2000
254,2022-12-14,22:45:00,104,Male,41,Electronics,1,500,165,500
255,2023-10-15,11:44:00,19,Male,48,Clothing,1,30,15,30
256,2022-01-09,08:05:00,3,Male,23,Clothing,2,500,270,1000
257,2022-12-10,08:49:00,130,Male,19,Beauty,4,500,165,2000
258,2023-12-29,17:40:00,109,Female,37,Clothing,1,50,22,50
259,2023-03-11,20:26:00,93,Female,45,Clothing,4,50,23,200
260,2023-01-19,21:09:00,107,Male,28,Beauty,2,30,11,60
261,2022-02-06,17:48:00,16,Male,21,Clothing,2,25,8,50
262,2023-09-15,20:33:00,30,Female,32,Beauty,4,30,13,120
263,2022-05-04,21:48:00,133,Male,23,Beauty,2,30,35,60
264,2022-12-26,11:03:00,111,Male,47,Clothing,3,300,150,900
265,2022-11-24,12:12:00,80,Male,55,Clothing,3,300,132,900
266,2022-09-12,18:26:00,66,Female,19,Electronics,2,30,14,60
267,2022-11-19,17:53:00,84,Female,32,Beauty,3,30,12,90
268,2022-04-14,08:26:00,93,Female,28,Electronics,1,30,9,30
269,2022-09-19,11:31:00,87,Male,25,Clothing,4,500,250,2000
270,2022-12-17,17:46:00,84,Male,43,Electronics,1,300,117,300
271,2023-09-12,18:23:00,44,Female,62,Beauty,4,30,9,120
272,2022-06-10,11:57:00,112,Female,61,Electronics,2,50,28,100
273,2023-09-26,20:24:00,1,Female,22,Beauty,1,50,15,50
274,2023-04-14,07:12:00,4,Female,23,Clothing,2,500,150,1000
275,2023-03-05,11:34:00,2,Male,43,Clothing,2,500,260,1000
276,2023-10-18,21:27:00,40,Female,21,Beauty,4,25,28,100
277,2023-07-03,22:10:00,139,Male,36,Clothing,4,25,12,100
278,2023-12-22,11:42:00,71,Female,37,Clothing,4,25,14,100
279,2023-08-10,17:29:00,38,Male,50,Clothing,1,500,210,500
280,2023-11-17,09:35:00,76,Female,37,Clothing,3,500,240,1500
281,2023-09-18,20:09:00,4,Female,29,Beauty,4,500,275,2000
282,2023-10-05,17:39:00,10,Female,64,Electronics,4,50,56,200
283,2023-06-01,20:08:00,3,Female,18,Electronics,1,500,165,500
284,2022-11-12,09:17:00,129,Male,43,Clothing,4,50,21,200
285,2023-12-01,18:14:00,107,Female,31,Electronics,1,25,14,25
286,2022-10-05,22:56:00,92,Male,55,Electronics,2,25,28,50
287,2022-08-26,11:07:00,88,Male,54,Clothing,4,25,10,100
288,2022-05-02,09:59:00,27,Male,28,Clothing,4,30,12,120
289,2023-09-09,20:29:00,107,Male,53,Electronics,2,30,8,60
290,2023-12-08,21:39:00,86,Female,30,Beauty,2,300,342,600
291,2022-11-22,08:29:00,15,Male,60,Clothing,2,300,126,600
292,2022-10-10,06:33:00,111,Male,20,Beauty,4,300,141,1200
293,2023-05-27,19:04:00,4,Male,50,Electronics,3,30,10,90
294,2023-10-09,09:24:00,89,Female,23,Clothing,3,30,15,90
295,2022-02-01,20:23:00,80,Female,27,Beauty,3,300,105,900
296,2022-12-31,22:44:00,73,Female,22,Clothing,4,300,369,1200
297,2022-09-12,21:09:00,70,Female,40,Electronics,2,500,595,1000
298,2023-10-05,19:05:00,3,Male,27,Beauty,4,300,84,1200
299,2023-01-25,20:03:00,76,Male,61,Electronics,2,500,230,1000
300,2022-01-08,09:41:00,138,Female,19,Electronics,4,50,27,200
301,2023-07-30,10:58:00,104,Male,30,Clothing,4,30,10,120
302,2023-02-09,17:51:00,26,Male,57,Beauty,2,300,135,600
303,2022-04-22,11:09:00,54,Male,19,Electronics,3,30,15,90
304,2023-03-23,18:35:00,59,Female,37,Electronics,2,30,16,60
305,2023-03-22,22:09:00,4,Female,18,Beauty,1,30,14,30
306,2022-01-04,22:05:00,148,Male,54,Electronics,1,50,27,50
307,2022-11-11,22:54:00,32,Female,26,Electronics,2,25,9,50
308,2022-03-31,19:12:00,130,Female,34,Beauty,4,300,126,1200
309,2023-10-12,15:39:00,78,Female,26,Beauty,1,25,9,25
310,2022-11-10,21:34:00,76,Female,28,Beauty,1,25,31,25
311,2023-11-20,21:01:00,61,Female,32,Beauty,4,25,10,100
312,2022-10-31,18:08:00,18,Male,41,Clothing,4,30,29,120
313,2023-12-16,10:03:00,11,Female,55,Beauty,3,500,140,1500
314,2023-10-15,07:37:00,1,Male,52,Clothing,4,30,8,120
315,2023-07-03,18:53:00,122,Male,47,Clothing,2,30,15,60
316,2023-02-01,17:25:00,3,Female,48,Clothing,2,25,14,50
317,2022-05-04,07:54:00,117,Male,22,Electronics,3,30,12,90
318,2023-10-22,21:26:00,57,Male,61,Clothing,1,25,29,25
319,2022-11-07,18:50:00,145,Male,31,Clothing,1,500,500,500
320,2022-04-20,08:35:00,57,Female,28,Electronics,4,300,159,1200
321,2023-09-24,19:53:00,30,Female,26,Electronics,2,25,10,50
322,2022-10-19,06:11:00,13,Male,51,Electronics,1,500,125,500
323,2022-01-21,08:22:00,97,Female,29,Beauty,3,300,150,900
324,2022-11-15,17:52:00,54,Female,52,Electronics,3,50,49,150
325,2023-09-16,22:02:00,6,Female,52,Electronics,2,25,31,50
326,2023-11-23,19:51:00,108,Female,18,Clothing,3,25,24,75
327,2023-09-13,18:30:00,107,Male,57,Electronics,3,50,56,150
328,2023-10-29,06:56:00,9,Male,39,Beauty,2,50,27,100
329,2022-10-27,07:42:00,52,Female,46,Electronics,4,25,8,100
330,2022-10-11,20:18:00,116,Female,25,Beauty,4,50,55,200
331,2022-08-16,08:33:00,28,Male,28,Electronics,3,30,10,90
332,2023-04-24,11:28:00,138,Male,58,Electronics,4,300,105,1200
333,2022-10-06,08:15:00,21,Female,54,Electronics,4,300,99,1200
334,2022-10-16,20:37:00,103,Male,31,Electronics,3,300,360,900
335,2022-02-02,09:23:00,2,Female,47,Beauty,4,30,11,120
336,2023-11-04,13:05:00,67,Female,52,Beauty,3,50,25,150
337,2023-08-22,17:56:00,1,Male,38,Clothing,1,500,275,500
338,2022-02-05,21:26:00,44,Male,54,Beauty,2,50,20,100
339,2022-08-18,10:27:00,33,Female,22,Electronics,2,25,10,50
340,2023-09-19,22:59:00,54,Female,36,Clothing,4,300,294,1200
341,2023-01-20,17:06:00,5,Male,31,Clothing,4,50,19,200
342,2023-11-05,17:24:00,85,Female,43,Clothing,4,500,500,2000
343,2022-11-09,18:44:00,68,Male,21,Electronics,2,25,30,50
344,2022-07-17,09:47:00,69,Female,42,Beauty,1,30,8,30
345,2022-12-07,18:56:00,104,Male,62,Electronics,1,30,14,30
346,2022-09-05,06:54:00,38,Male,59,Clothing,2,500,215,1000
347,2022-03-26,19:31:00,26,Male,42,Electronics,1,25,7,25
348,2022-10-17,20:20:00,83,Female,35,Electronics,2,300,147,600
349,2023-12-04,17:05:00,78,Female,57,Beauty,1,50,49,50
350,2022-11-20,17:41:00,61,Male,25,Beauty,3,25,29,75
351,2023-11-11,22:16:00,38,Female,56,Clothing,3,30,37,90
352,2023-07-28,17:55:00,54,Male,57,Electronics,2,500,175,1000
353,2023-03-18,21:35:00,5,Male,31,Electronics,1,500,270,500
354,2023-12-16,07:58:00,5,Female,49,Beauty,4,50,25,200
355,2022-09-23,13:42:00,96,Female,55,Electronics,1,500,260,500
356,2023-08-27,18:35:00,71,Male,50,Electronics,3,500,255,1500
357,2023-05-18,18:57:00,4,Female,40,Electronics,3,25,8,75
358,2023-10-12,18:32:00,4,Female,32,Beauty,1,300,132,300
359,2022-12-15,21:49:00,122,Male,50,Clothing,1,50,23,50
360,2022-09-09,09:04:00,26,Male,42,Clothing,4,25,11,100
361,2022-09-12,16:37:00,112,Female,34,Electronics,4,300,81,1200
362,2023-09-27,22:43:00,101,Male,50,Clothing,1,25,10,25
363,2022-05-23,22:51:00,92,Male,64,Beauty,1,25,14,25
364,2022-06-07,19:06:00,98,Female,19,Beauty,1,500,200,500
365,2023-02-23,22:12:00,151,Male,31,Clothing,1,300,93,300
366,2022-10-29,09:32:00,116,Male,57,Clothing,2,50,18,100
367,2022-12-30,07:03:00,123,Female,57,Electronics,1,50,18,50
368,2023-01-31,21:11:00,90,Female,56,Clothing,4,300,132,1200
369,2023-12-13,19:42:00,111,Male,23,Electronics,3,500,215,1500
370,2023-10-24,21:04:00,61,Male,23,Electronics,2,30,35,60
371,2022-12-18,10:01:00,32,Female,20,Beauty,1,25,13,25
372,2022-06-19,11:45:00,27,Female,24,Beauty,3,500,140,1500
373,2022-09-23,22:19:00,78,Female,25,Beauty,2,300,333,600
374,2023-10-27,17:45:00,4,Female,59,Beauty,3,25,8,75
375,2023-09-22,17:32:00,25,Male,32,Clothing,1,50,52,50
376,2023-01-29,18:21:00,4,Female,64,Beauty,1,30,12,30
377,2022-09-13,08:30:00,141,Female,46,Clothing,4,50,18,200
378,2022-11-03,18:16:00,81,Male,50,Beauty,1,300,165,300
379,2022-06-01,07:28:00,76,Female,47,Clothing,1,25,9,25
380,2023-08-30,22:26:00,2,Male,56,Electronics,2,300,102,600
381,2022-01-30,19:05:00,63,Female,44,Clothing,4,25,12,100
382,2023-07-14,21:20:00,29,Female,53,Clothing,2,500,245,1000
383,2023-03-24,08:53:00,64,Female,46,Beauty,3,30,8,90
384,2022-04-10,19:53:00,127,Male,55,Clothing,1,500,145,500
385,2022-11-20,19:06:00,127,Male,50,Electronics,3,500,525,1500
386,2022-10-23,13:20:00,77,Female,54,Electronics,2,300,153,600
387,2023-01-26,21:58:00,118,Male,44,Beauty,1,30,9,30
388,2022-12-03,19:04:00,60,Male,50,Electronics,1,25,12,25
389,2022-11-11,19:06:00,109,Male,21,Clothing,2,25,12,50
390,2022-10-07,20:53:00,88,Male,39,Electronics,2,50,51,100
391,2022-03-25,07:37:00,68,Male,19,Beauty,2,25,6,50
392,2022-12-21,13:11:00,77,Male,27,Clothing,2,300,78,600
393,2022-10-19,18:52:00,85,Female,22,Beauty,2,500,595,1000
394,2022-08-19,19:27:00,105,Female,27,Clothing,1,500,165,500
395,2022-12-01,15:00:00,76,Male,50,Electronics,2,500,175,1000
396,2022-12-15,07:11:00,29,Female,55,Beauty,1,30,11,30
397,2023-10-26,08:06:00,59,Female,30,Beauty,1,25,11,25
398,2023-02-23,21:17:00,5,Female,48,Clothing,2,300,114,600
399,2022-12-07,09:25:00,136,Female,64,Beauty,2,30,13,60
400,2022-03-08,09:52:00,2,Male,53,Clothing,4,50,24,200
401,2023-12-03,19:03:00,51,Female,62,Clothing,1,300,372,300
402,2023-07-12,08:45:00,63,Female,41,Clothing,2,300,135,600
403,2023-04-22,19:31:00,5,Male,32,Clothing,2,300,78,600
404,2023-02-13,19:55:00,59,Male,46,Electronics,2,500,160,1000
405,2022-10-17,17:55:00,79,Female,25,Clothing,4,300,324,1200
406,2023-04-01,11:50:00,3,Female,22,Beauty,4,25,11,100
407,2022-07-16,22:17:00,117,Female,46,Electronics,3,300,138,900
408,2023-12-22,08:18:00,4,Female,64,Beauty,1,500,140,500
409,2023-12-17,12:30:00,55,Female,21,Electronics,3,300,87,900
410,2023-10-31,19:41:00,64,Female,29,Clothing,2,50,15,100
411,2023-07-25,20:04:00,3,Male,62,Electronics,4,50,25,200
412,2022-09-04,19:36:00,30,Female,19,Electronics,4,500,570,2000
413,2023-11-28,21:52:00,60,Female,44,Beauty,3,25,26,75
414,2023-05-10,19:40:00,1,Male,48,Beauty,4,25,10,100
415,2022-01-05,09:59:00,85,Male,53,Clothing,2,30,8,60
416,2022-08-21,09:29:00,55,Male,53,Electronics,4,500,245,2000
417,2023-10-01,22:03:00,109,Male,43,Electronics,3,300,162,900
418,2022-04-01,18:05:00,95,Female,60,Electronics,2,500,155,1000
419,2023-03-31,19:18:00,5,Female,44,Clothing,3,30,12,90
420,2022-01-02,10:53:00,28,Female,22,Clothing,4,500,200,2000
421,2022-04-08,08:43:00,66,Female,37,Clothing,3,500,235,1500
422,2022-08-21,22:34:00,67,Female,28,Clothing,3,30,13,90
423,2022-07-18,06:06:00,41,Female,27,Clothing,1,25,12,25
424,2023-12-20,19:21:00,101,Male,57,Beauty,4,300,147,1200
425,2023-06-11,18:28:00,2,Female,55,Electronics,4,30,16,120
426,2023-12-13,08:11:00,137,Male,23,Electronics,3,50,13,150
427,2023-11-16,21:26:00,120,Male,25,Electronics,1,25,12,25
428,2022-12-02,22:44:00,50,Female,40,Electronics,4,50,50,200
429,2023-09-08,14:29:00,80,Male,64,Electronics,2,25,7,50
430,2023-05-23,18:36:00,100,Female,43,Electronics,3,300,153,900
431,2022-10-29,22:02:00,99,Male,63,Electronics,4,300,345,1200
432,2022-03-10,11:31:00,17,Female,0,Electronics,2,500,190,1000
433,2022-07-29,08:48:00,144,Male,29,Beauty,4,50,20,200
434,2022-10-26,06:09:00,50,Female,43,Electronics,2,25,8,50
435,2023-12-15,13:41:00,113,Female,30,Beauty,3,300,108,900
436,2023-10-22,11:54:00,21,Female,57,Clothing,4,30,14,120
437,2023-11-26,18:53:00,56,Female,35,Electronics,4,300,345,1200
438,2022-08-31,10:15:00,88,Female,42,Clothing,1,30,16,30
439,2022-05-06,21:46:00,42,Male,50,Clothing,3,25,12,75
440,2023-11-22,20:15:00,110,Male,64,Clothing,2,300,348,600
441,2023-11-06,22:00:00,85,Male,57,Beauty,4,300,351,1200
442,2023-06-30,11:07:00,24,Female,60,Clothing,4,25,13,100
443,2023-09-19,20:25:00,98,Male,29,Clothing,2,300,114,600
444,2022-10-06,07:06:00,51,Female,61,Clothing,3,30,16,90
445,2022-04-14,10:48:00,132,Female,53,Electronics,1,300,138,300
446,2022-11-02,19:57:00,104,Male,21,Electronics,1,50,13,50
447,2023-04-18,17:57:00,37,Male,22,Beauty,4,500,245,2000
448,2022-03-19,09:36:00,86,Female,54,Beauty,2,30,16,60
449,2022-01-03,18:28:00,58,Male,25,Electronics,4,50,27,200
450,2023-12-01,06:35:00,2,Female,59,Beauty,2,25,11,50
451,2023-10-09,15:38:00,74,Female,45,Electronics,1,30,14,30
452,2023-01-30,22:41:00,4,Female,48,Clothing,3,500,240,1500
453,2022-10-14,14:45:00,90,Female,26,Clothing,2,500,265,1000
454,2022-03-12,07:20:00,13,Female,46,Beauty,1,25,13,25
455,2023-11-21,19:15:00,134,Male,31,Electronics,4,25,13,100
456,2023-12-15,19:45:00,51,Male,57,Electronics,2,30,34,60
457,2022-11-28,22:49:00,38,Female,58,Beauty,3,300,147,900
458,2023-11-28,21:35:00,110,Female,39,Electronics,4,25,7,100
459,2023-05-23,07:12:00,122,Male,28,Clothing,4,300,75,1200
460,2023-05-01,23:00:00,2,Male,40,Beauty,1,50,19,50
461,2023-07-18,10:33:00,21,Female,18,Beauty,2,500,265,1000
462,2023-08-26,10:04:00,71,Male,63,Electronics,4,300,132,1200
463,2023-01-29,20:22:00,55,Female,54,Beauty,3,500,175,1500
464,2022-03-06,11:13:00,24,Male,38,Electronics,2,300,75,600
465,2023-02-22,11:52:00,40,Female,43,Electronics,3,50,16,150
466,2023-01-11,21:52:00,66,Male,63,Electronics,4,25,14,100
467,2022-01-24,22:39:00,151,Female,53,Electronics,3,50,15,150
468,2022-12-05,14:32:00,86,Male,40,Electronics,1,25,12,25
469,2023-03-21,19:24:00,4,Male,18,Beauty,3,25,9,75
470,2023-12-26,18:58:00,4,Female,57,Clothing,2,500,165,1000
471,2023-03-08,10:21:00,136,Male,32,Clothing,3,50,13,150
472,2023-10-30,15:23:00,95,Female,38,Beauty,3,300,162,900
473,2022-09-25,10:09:00,1,Male,64,Beauty,1,50,15,50
474,2022-05-08,17:57:00,145,Female,26,Clothing,3,500,210,1500
475,2022-08-12,10:39:00,78,Male,26,Clothing,3,25,9,75
476,2023-12-12,18:31:00,131,Female,27,Clothing,4,500,570,2000
477,2023-12-03,17:24:00,3,Male,43,Clothing,4,30,16,120
478,2023-07-24,11:13:00,3,Female,58,Clothing,2,30,8,60
479,2022-11-03,21:35:00,90,Male,52,Electronics,4,300,105,1200
480,2022-12-22,22:12:00,126,Female,42,Beauty,4,500,225,2000
481,2023-07-13,17:12:00,48,Female,43,Electronics,4,300,114,1200
482,2023-08-12,18:57:00,3,Female,28,Clothing,4,300,141,1200
483,2023-02-06,17:25:00,2,Male,55,Clothing,1,30,8,30
484,2022-03-13,07:52:00,135,Female,19,Clothing,4,300,75,1200
485,2022-11-08,17:30:00,101,Male,24,Electronics,1,30,11,30
486,2023-12-02,09:47:00,4,Female,35,Electronics,1,25,7,25
487,2023-04-09,21:03:00,36,Male,44,Clothing,4,500,235,2000
488,2022-07-05,17:28:00,26,Female,51,Electronics,3,300,123,900
489,2023-10-31,22:01:00,1,Male,44,Electronics,1,30,14,30
490,2022-01-27,06:07:00,43,Male,34,Clothing,3,50,19,150
491,2023-12-30,21:11:00,4,Female,60,Electronics,3,300,78,900
492,2023-12-16,17:52:00,4,Male,61,Beauty,4,25,7,100
493,2022-12-01,20:10:00,95,Male,41,Beauty,2,25,8,50
494,2023-09-25,20:18:00,140,Female,42,Beauty,4,50,58,200
495,2022-06-24,21:06:00,131,Male,24,Beauty,2,30,12,60
496,2022-12-12,13:07:00,91,Male,23,Clothing,2,300,141,600
497,2023-12-31,18:11:00,127,Male,41,Clothing,4,30,37,120
498,2022-03-22,22:20:00,41,Female,50,Clothing,4,25,8,100
499,2022-04-03,10:52:00,15,Male,46,Beauty,2,30,17,60
500,2022-10-14,06:11:00,120,Female,60,Beauty,4,25,12,100
501,2023-06-28,20:21:00,2,Male,39,Electronics,2,30,9,60
502,2023-07-22,11:00:00,31,Male,43,Electronics,3,50,23,150
503,2023-10-08,20:06:00,63,Male,45,Beauty,4,500,570,2000
504,2023-03-31,18:07:00,4,Female,38,Beauty,3,50,22,150
505,2022-12-17,07:25:00,86,Male,24,Beauty,1,50,20,50
506,2022-04-29,07:13:00,9,Male,34,Beauty,3,500,200,1500
507,2022-12-11,21:40:00,52,Female,37,Electronics,3,500,485,1500
508,2023-07-05,22:52:00,32,Male,58,Beauty,2,300,123,600
509,2023-07-10,19:35:00,70,Female,37,Electronics,3,300,141,900
510,2023-05-29,17:04:00,14,Female,39,Beauty,4,50,13,200
511,2023-12-23,18:19:00,146,Male,45,Beauty,2,50,25,100
512,2022-12-06,18:00:00,56,Female,57,Beauty,1,25,10,25
513,2022-10-21,18:31:00,85,Male,24,Electronics,4,25,25,100
514,2022-11-04,08:35:00,139,Female,18,Electronics,1,300,96,300
515,2022-02-13,20:47:00,71,Female,49,Clothing,3,300,75,900
516,2023-09-20,18:38:00,85,Male,30,Beauty,4,25,24,100
517,2023-08-20,08:54:00,3,Female,47,Clothing,4,25,9,100
518,2023-07-31,17:01:00,2,Female,40,Clothing,1,30,16,30
519,2022-04-08,10:17:00,52,Female,36,Electronics,4,30,17,120
520,2022-10-16,12:42:00,79,Female,49,Electronics,4,25,13,100
521,2023-10-28,19:56:00,133,Female,47,Clothing,4,30,9,120
522,2022-07-09,11:00:00,52,Male,46,Beauty,3,500,145,1500
523,2023-11-13,19:18:00,110,Female,62,Electronics,1,300,375,300
524,2023-09-17,19:52:00,12,Male,46,Beauty,4,300,297,1200
525,2022-09-05,14:15:00,98,Female,47,Beauty,2,25,7,50
526,2022-11-19,12:47:00,65,Male,33,Clothing,2,50,20,100
527,2023-04-21,11:35:00,1,Male,57,Clothing,2,25,12,50
528,2023-12-11,21:51:00,102,Female,36,Clothing,2,30,10,60
529,2022-11-29,17:43:00,46,Female,35,Clothing,3,50,21,150
530,2022-05-01,07:52:00,8,Female,18,Electronics,4,30,9,120
531,2022-10-08,12:30:00,105,Male,31,Electronics,1,500,275,500
532,2022-08-15,18:04:00,92,Female,64,Clothing,4,30,13,120
533,2022-11-13,17:19:00,92,Male,19,Electronics,3,500,155,1500
534,2023-04-27,22:30:00,112,Male,45,Clothing,2,500,140,1000
535,2023-11-20,13:46:00,59,Male,47,Beauty,3,30,16,90
536,2022-08-20,06:25:00,17,Female,55,Beauty,4,30,9,120
537,2023-10-01,18:07:00,98,Female,21,Beauty,1,500,275,500
538,2023-12-22,18:20:00,102,Male,18,Clothing,3,50,57,150
539,2023-11-30,18:13:00,135,Male,25,Beauty,1,500,205,500
540,2022-12-22,16:17:00,79,Female,46,Electronics,3,300,87,900
541,2022-12-25,18:37:00,39,Male,56,Beauty,1,500,215,500
542,2023-06-01,18:41:00,50,Female,20,Beauty,1,50,24,50
543,2022-04-16,20:30:00,121,Male,49,Beauty,2,300,75,600
544,2023-10-31,13:46:00,95,Female,27,Electronics,1,25,10,25
545,2023-12-19,17:18:00,61,Male,27,Clothing,2,25,8,50
546,2022-12-30,22:32:00,57,Female,36,Electronics,4,50,54,200
547,2022-11-14,07:36:00,3,Male,63,Clothing,4,500,250,2000
548,2023-04-14,07:00:00,4,Female,51,Clothing,2,30,16,60
549,2022-11-03,19:39:00,114,Female,50,Beauty,2,50,13,100
550,2023-09-27,16:58:00,80,Male,40,Clothing,3,300,90,900
551,2023-03-21,22:45:00,99,Male,45,Electronics,3,300,141,900
552,2022-10-29,13:32:00,85,Female,49,Electronics,3,25,10,75
553,2023-03-20,06:17:00,106,Male,24,Clothing,4,300,81,1200
554,2022-12-06,21:04:00,94,Female,46,Beauty,3,50,13,150
555,2022-12-14,19:35:00,103,Male,25,Beauty,1,300,360,300
556,2022-02-05,17:37:00,42,Female,18,Electronics,1,50,13,50
557,2023-09-27,20:01:00,155,Female,20,Beauty,3,30,13,90
558,2023-10-26,17:47:00,108,Female,41,Clothing,1,25,26,25
559,2022-12-12,10:48:00,5,Female,40,Clothing,4,300,84,1200
560,2023-10-23,22:51:00,7,Female,25,Electronics,1,50,19,50
561,2022-07-29,17:04:00,34,Female,64,Clothing,4,500,250,2000
562,2023-11-09,09:26:00,3,Male,54,Electronics,2,25,7,50
563,2022-12-21,18:40:00,150,Male,20,Clothing,2,30,16,60
564,2023-09-12,20:14:00,114,Male,50,Electronics,2,50,56,100
565,2023-09-05,20:24:00,75,Female,45,Beauty,2,30,9,60
566,2022-11-26,19:15:00,106,Female,64,Clothing,1,30,8,30
567,2023-05-08,19:53:00,5,Female,25,Clothing,3,300,144,900
568,2023-08-11,20:03:00,32,Female,51,Electronics,1,300,372,300
569,2022-04-29,20:49:00,132,Male,52,Electronics,4,50,19,200
570,2022-06-09,22:53:00,91,Male,49,Clothing,1,500,185,500
571,2022-10-20,12:51:00,87,Female,41,Electronics,1,50,16,50
572,2023-12-13,18:33:00,5,Male,31,Clothing,4,500,185,2000
573,2023-09-19,22:59:00,78,Male,49,Beauty,2,30,36,60
574,2023-09-17,20:12:00,24,Female,63,Electronics,2,25,25,50
575,2023-12-12,10:29:00,14,Male,60,Clothing,2,50,23,100
576,2023-12-25,17:30:00,113,Female,33,Beauty,3,50,20,150
577,2022-04-21,11:55:00,45,Male,21,Beauty,4,500,215,2000
578,2023-12-05,22:42:00,68,Female,54,Clothing,4,30,9,120
579,2023-10-06,17:43:00,41,Female,38,Electronics,1,30,37,30
580,2022-11-14,14:44:00,104,Female,31,Clothing,3,500,200,1500
581,2022-12-15,21:16:00,103,Female,48,Beauty,2,30,14,60
582,2022-09-30,21:38:00,110,Male,35,Clothing,3,300,75,900
583,2022-01-28,19:44:00,131,Female,24,Electronics,4,25,8,100
584,2022-12-31,10:21:00,106,Female,27,Beauty,4,50,17,200
585,2023-06-06,21:49:00,3,Female,24,Clothing,1,25,14,25
586,2023-12-20,14:57:00,84,Male,50,Electronics,1,50,22,50
587,2023-09-04,19:00:00,91,Female,40,Beauty,4,300,99,1200
588,2023-10-18,17:54:00,5,Male,38,Electronics,2,30,14,60
589,2023-07-08,07:11:00,5,Female,36,Beauty,2,500,145,1000
590,2023-05-04,11:52:00,151,Male,36,Clothing,3,300,135,900
591,2022-03-21,08:38:00,94,Male,53,Electronics,4,25,7,100
592,2022-12-26,09:15:00,77,Female,46,Beauty,4,500,275,2000
593,2023-01-18,22:05:00,2,Male,35,Electronics,2,30,13,60
594,2023-09-07,21:49:00,72,Female,19,Electronics,2,300,291,600
595,2022-10-15,21:35:00,65,Female,18,Clothing,4,500,210,2000
596,2022-02-12,08:44:00,87,Female,64,Electronics,1,300,93,300
597,2022-11-01,19:29:00,84,Male,22,Beauty,4,300,111,1200
598,2022-06-23,17:02:00,7,Male,37,Beauty,4,30,11,120
599,2023-12-10,19:07:00,82,Female,28,Beauty,2,50,25,100
600,2023-10-09,18:39:00,64,Female,59,Beauty,2,500,525,1000
601,2023-06-05,09:23:00,5,Male,19,Clothing,1,30,13,30
602,2023-12-12,16:46:00,75,Female,20,Electronics,1,300,96,300
603,2022-04-18,20:17:00,95,Female,40,Clothing,3,30,14,90
604,2022-09-16,19:34:00,139,Female,29,Electronics,4,50,51,200
605,2023-10-19,22:24:00,76,Male,37,Electronics,2,500,180,1000
606,2023-06-13,20:19:00,2,Male,22,Electronics,1,50,20,50
607,2023-05-05,09:33:00,109,Male,54,Clothing,3,25,13,75
608,2022-12-07,22:19:00,112,Female,55,Electronics,3,500,200,1500
609,2023-11-19,13:02:00,59,Female,47,Clothing,2,50,13,100
610,2022-12-18,06:56:00,137,Female,26,Beauty,2,300,93,600
611,2022-07-21,08:13:00,11,Male,51,Beauty,3,500,180,1500
612,2022-02-23,19:06:00,77,Female,61,Electronics,1,500,235,500
613,2023-05-08,17:23:00,2,Female,52,Clothing,3,30,11,90
614,2023-02-13,06:28:00,61,Female,39,Beauty,4,300,120,1200
615,2022-10-31,15:06:00,58,Female,61,Clothing,4,25,11,100
616,2022-12-31,19:18:00,122,Male,41,Clothing,2,50,50,100
617,2022-08-06,19:12:00,30,Male,34,Electronics,1,30,29,30
618,2022-10-13,10:22:00,5,Female,27,Beauty,1,50,26,50
619,2023-10-09,18:10:00,56,Male,47,Electronics,4,25,26,100
620,2023-11-06,20:59:00,4,Male,63,Electronics,3,25,7,75
621,2022-04-13,09:55:00,138,Female,40,Beauty,2,500,275,1000
622,2022-10-16,22:00:00,155,Female,49,Beauty,3,25,6,75
623,2023-11-15,10:00:00,39,Male,34,Clothing,3,50,26,150
624,2022-02-05,19:08:00,48,Female,34,Beauty,3,300,342,900
625,2022-12-25,13:36:00,68,Male,31,Clothing,1,300,123,300
626,2022-10-30,21:01:00,65,Female,26,Clothing,4,500,555,2000
627,2022-10-24,18:14:00,79,Male,57,Clothing,1,50,56,50
628,2023-12-23,18:00:00,66,Female,19,Beauty,4,50,60,200
629,2023-01-05,19:55:00,39,Male,62,Electronics,2,25,8,50
630,2023-03-21,17:29:00,94,Male,42,Clothing,2,50,26,100
631,2023-10-22,22:18:00,92,Male,56,Electronics,3,30,17,90
632,2023-10-25,20:13:00,78,Female,26,Electronics,4,25,25,100
633,2023-07-06,22:20:00,35,Male,39,Beauty,4,30,12,120
634,2022-10-10,19:25:00,68,Male,60,Electronics,4,500,535,2000
635,2022-12-04,21:03:00,89,Female,63,Electronics,3,300,129,900
636,2023-05-09,06:15:00,60,Female,21,Beauty,3,500,230,1500
637,2022-12-02,18:54:00,21,Male,43,Clothing,2,300,321,600
638,2023-01-10,19:52:00,154,Male,46,Electronics,1,500,190,500
639,2023-08-01,19:47:00,4,Female,62,Beauty,4,50,27,200
640,2023-12-25,20:05:00,3,Female,51,Electronics,4,30,13,120
641,2023-12-25,18:30:00,105,Female,40,Electronics,1,300,144,300
642,2023-05-04,21:40:00,1,Female,54,Clothing,4,25,12,100
643,2022-10-05,22:26:00,63,Female,28,Electronics,3,30,29,90
644,2022-10-13,21:49:00,107,Male,23,Beauty,3,25,29,75
645,2022-12-14,22:11:00,51,Female,35,Electronics,4,30,11,120
646,2023-05-26,21:02:00,3,Male,38,Clothing,3,30,14,90
647,2023-03-01,19:53:00,5,Male,59,Clothing,3,500,190,1500
648,2023-02-23,18:13:00,41,Male,53,Beauty,4,300,138,1200
649,2022-06-21,08:17:00,44,Female,58,Clothing,2,300,135,600
650,2023-10-08,12:41:00,98,Male,55,Electronics,1,30,15,30
651,2023-09-28,21:02:00,30,Male,51,Clothing,3,50,26,150
652,2023-10-31,17:05:00,4,Female,34,Beauty,2,50,21,100
653,2023-11-25,22:53:00,3,Male,54,Clothing,3,25,9,75
654,2023-08-14,17:40:00,92,Male,42,Clothing,3,25,9,75
655,2022-10-31,18:43:00,19,Female,55,Clothing,1,500,210,500
656,2023-11-12,20:58:00,27,Male,29,Beauty,3,30,29,90
657,2022-01-29,08:53:00,46,Male,40,Clothing,1,25,8,25
658,2023-10-30,07:47:00,93,Male,59,Clothing,1,25,7,25
659,2023-06-09,06:08:00,75,Female,39,Electronics,1,30,8,30
660,2023-07-29,18:46:00,2,Female,38,Beauty,2,500,270,1000
661,2022-08-05,22:09:00,10,Female,44,Clothing,4,25,7,100
662,2022-12-03,12:40:00,100,Male,48,Beauty,2,500,145,1000
663,2023-08-16,06:32:00,133,Male,23,Clothing,4,300,87,1200
664,2022-09-03,16:52:00,109,Female,44,Clothing,4,500,170,2000
665,2023-10-03,22:49:00,1,Male,57,Clothing,1,50,19,50
666,2022-03-03,10:59:00,49,Male,51,Electronics,3,50,16,150
667,2022-12-01,18:46:00,22,Female,29,Electronics,1,500,190,500
668,2022-06-17,20:33:00,135,Female,62,Electronics,3,50,25,150
669,2022-01-23,20:24:00,110,Male,24,Beauty,4,300,87,1200
670,2023-09-29,17:24:00,59,Male,27,Beauty,1,30,36,30
671,2023-09-23,19:51:00,2,Male,62,Electronics,3,50,62,150
672,2022-02-17,19:44:00,1,Female,34,Beauty,2,50,28,100
673,2022-07-04,10:14:00,18,Female,43,Clothing,3,500,270,1500
674,2023-03-30,11:10:00,2,Female,38,Clothing,1,300,84,300
675,2023-07-19,18:10:00,26,Female,45,Clothing,2,30,16,60
676,2023-07-10,22:13:00,80,Male,63,Electronics,3,500,205,1500
677,2022-12-17,21:13:00,65,Female,19,Beauty,3,500,555,1500
678,2022-11-17,15:55:00,70,Female,60,Electronics,3,300,144,900
680,2022-12-01,22:04:00,110,Female,53,Clothing,3,300,330,900
681,2023-08-04,22:12:00,24,Female,43,Electronics,2,30,8,60
682,2023-10-23,20:51:00,60,Male,46,Beauty,4,300,354,1200
683,2022-03-06,10:22:00,82,Male,38,Beauty,2,500,175,1000
684,2023-06-20,18:02:00,54,Female,28,Clothing,2,500,225,1000
685,2023-07-04,22:15:00,90,Male,57,Electronics,2,25,8,50
686,2022-01-06,17:14:00,68,Female,28,Electronics,4,50,24,200
687,2022-06-27,17:14:00,86,Female,53,Electronics,1,300,150,300
688,2023-10-28,21:45:00,132,Male,56,Clothing,4,25,25,100
689,2022-10-16,20:17:00,55,Male,57,Electronics,2,50,53,100
690,2023-12-19,18:39:00,91,Female,52,Clothing,3,300,324,900
691,2023-05-12,21:09:00,5,Female,51,Clothing,3,30,15,90
692,2022-09-30,19:48:00,110,Female,64,Clothing,2,50,50,100
693,2023-06-08,17:12:00,1,Male,41,Beauty,3,500,270,1500
694,2023-06-30,17:47:00,3,Female,39,Electronics,2,25,10,50
695,2022-04-03,22:12:00,52,Female,22,Electronics,3,50,21,150
696,2023-10-09,18:05:00,24,Female,50,Clothing,4,50,49,200
697,2022-12-25,07:52:00,152,Male,53,Clothing,1,500,200,500
698,2022-03-17,20:56:00,116,Female,64,Electronics,1,300,123,300
699,2022-11-21,22:21:00,129,Female,37,Clothing,4,30,16,120
700,2022-09-01,15:07:00,61,Male,36,Electronics,4,500,250,2000
701,2023-11-29,16:33:00,93,Female,52,Beauty,2,30,14,60
702,2023-03-03,17:18:00,66,Female,60,Clothing,2,300,78,600
703,2023-07-31,09:56:00,140,Male,34,Electronics,2,50,19,100
704,2023-09-11,22:40:00,141,Female,62,Clothing,3,30,35,90
705,2022-09-30,07:28:00,37,Male,60,Electronics,2,25,6,50
706,2022-09-04,22:19:00,66,Male,51,Electronics,4,25,8,100
707,2023-10-23,20:34:00,117,Female,26,Clothing,1,500,580,500
708,2022-04-06,08:38:00,62,Female,43,Beauty,3,300,87,900
709,2022-09-22,22:32:00,61,Female,19,Electronics,2,500,140,1000
710,2022-09-03,21:11:00,71,Female,26,Electronics,3,500,495,1500
711,2023-09-23,22:26:00,103,Male,26,Electronics,3,500,575,1500
712,2023-09-12,14:15:00,108,Female,57,Beauty,2,25,12,50
713,2022-04-16,11:43:00,39,Male,34,Beauty,3,25,11,75
714,2022-10-29,08:50:00,20,Female,18,Clothing,1,500,190,500
715,2022-10-11,20:57:00,55,Female,42,Beauty,4,25,6,100
716,2023-08-13,19:51:00,137,Female,60,Clothing,4,300,108,1200
717,2023-11-30,08:15:00,8,Male,57,Clothing,1,500,190,500
718,2023-11-02,20:25:00,154,Female,59,Beauty,3,25,25,75
719,2023-07-02,07:19:00,37,Female,42,Clothing,2,30,12,60
720,2022-04-08,08:50:00,116,Female,56,Beauty,3,500,235,1500
721,2023-06-23,17:10:00,5,Female,52,Clothing,1,500,145,500
722,2023-02-24,18:35:00,25,Male,20,Beauty,3,300,162,900
723,2022-07-14,21:57:00,120,Female,54,Beauty,4,50,21,200
724,2023-06-14,06:56:00,3,Male,61,Clothing,3,50,20,150
725,2023-09-21,20:32:00,2,Male,61,Electronics,1,300,153,300
726,2022-06-05,19:37:00,72,Male,47,Clothing,4,300,126,1200
727,2023-11-15,18:37:00,32,Male,55,Beauty,3,300,105,900
728,2022-06-02,19:35:00,78,Male,51,Electronics,3,50,18,150
729,2023-08-26,22:29:00,3,Male,29,Clothing,4,300,84,1200
730,2022-02-20,19:38:00,131,Female,36,Clothing,2,25,13,50
731,2023-09-30,18:49:00,1,Male,54,Clothing,4,500,165,2000
732,2022-10-13,08:45:00,136,Male,61,Electronics,2,500,250,1000
733,2022-10-25,21:07:00,143,Male,34,Beauty,1,30,29,30
734,2022-03-12,08:54:00,77,Female,27,Clothing,1,30,16,30
735,2022-11-26,21:38:00,153,Female,64,Clothing,4,500,515,2000
736,2022-12-18,08:30:00,97,Male,29,Clothing,4,25,10,100
737,2023-03-23,21:11:00,26,Female,33,Clothing,1,50,14,50
738,2023-02-05,18:24:00,5,Male,41,Clothing,2,50,26,100
739,2023-10-14,17:09:00,57,Male,36,Beauty,1,25,10,25
740,2022-12-01,06:58:00,33,Female,25,Beauty,4,50,13,200
741,2022-12-24,22:30:00,53,Male,48,Clothing,1,300,141,300
742,2022-03-19,06:08:00,37,Female,38,Electronics,4,500,195,2000
743,2022-08-07,07:54:00,55,Female,34,Beauty,4,500,260,2000
744,2023-05-23,18:02:00,1,Male,40,Electronics,1,25,7,25
745,2023-08-14,07:30:00,3,Male,54,Beauty,2,50,17,100
747,2022-10-21,18:12:00,51,Male,23,Beauty,1,30,9,30
748,2023-03-01,09:35:00,132,Male,25,Clothing,3,50,24,150
749,2023-07-26,20:33:00,2,Male,42,Beauty,1,30,8,30
750,2022-11-13,07:33:00,69,Female,35,Clothing,3,25,9,75
751,2023-11-08,19:58:00,115,Female,42,Clothing,2,25,25,50
752,2023-09-20,16:06:00,79,Male,29,Clothing,2,50,13,100
753,2022-07-06,10:07:00,70,Female,32,Clothing,1,30,16,30
754,2023-09-26,18:40:00,90,Female,43,Electronics,4,25,24,100
755,2023-11-27,20:07:00,1,Female,58,Clothing,3,25,7,75
756,2023-07-17,20:33:00,4,Female,62,Electronics,4,300,333,1200
757,2023-10-06,12:10:00,82,Female,43,Electronics,4,300,105,1200
758,2023-04-23,18:30:00,1,Male,64,Clothing,4,25,7,100
759,2023-05-23,21:21:00,75,Male,49,Electronics,2,50,22,100
760,2023-06-26,07:59:00,14,Male,27,Beauty,1,500,125,500
761,2022-11-14,22:16:00,64,Female,33,Clothing,1,500,275,500
762,2023-11-27,17:49:00,56,Female,24,Electronics,2,25,10,50
763,2022-04-23,09:43:00,58,Male,34,Clothing,2,25,12,50
764,2023-11-07,08:46:00,47,Female,40,Clothing,1,25,11,25
765,2022-10-16,19:03:00,77,Male,43,Clothing,4,50,13,200
766,2022-01-04,08:02:00,128,Male,38,Electronics,3,300,165,900
767,2022-11-07,22:44:00,72,Male,39,Beauty,3,25,25,75
768,2022-06-27,06:50:00,58,Female,24,Beauty,3,25,11,75
769,2022-09-09,18:57:00,18,Female,31,Electronics,4,30,10,120
770,2022-12-11,22:49:00,71,Male,32,Clothing,1,50,55,50
771,2023-12-24,12:23:00,70,Male,24,Electronics,2,25,12,50
772,2023-04-14,21:47:00,25,Male,26,Electronics,1,30,16,30
773,2023-01-14,19:10:00,3,Male,25,Electronics,4,500,175,2000
774,2023-11-06,09:04:00,2,Female,40,Clothing,2,25,7,50
775,2022-05-06,11:07:00,98,Female,46,Electronics,4,25,10,100
776,2023-09-08,18:57:00,109,Male,35,Clothing,3,30,31,90
777,2022-09-10,15:07:00,54,Male,48,Electronics,3,50,17,150
778,2023-12-13,18:28:00,105,Female,47,Beauty,4,25,14,100
779,2023-05-15,19:19:00,3,Female,56,Electronics,2,500,155,1000
780,2022-07-06,11:30:00,107,Male,52,Electronics,2,25,13,50
781,2022-10-19,16:52:00,106,Male,35,Beauty,1,500,225,500
782,2022-04-13,21:51:00,71,Male,59,Clothing,3,300,150,900
783,2022-11-11,15:37:00,91,Female,56,Clothing,1,300,150,300
784,2023-10-18,22:44:00,71,Female,34,Electronics,1,500,610,500
785,2022-10-19,06:09:00,88,Female,31,Beauty,4,50,13,200
786,2022-12-16,20:38:00,78,Male,48,Clothing,4,25,29,100
787,2022-06-10,10:42:00,25,Male,41,Electronics,1,25,14,25
788,2022-06-20,18:54:00,90,Female,52,Beauty,3,300,105,900
789,2023-12-06,22:13:00,34,Female,61,Clothing,4,500,510,2000
790,2023-04-13,20:47:00,29,Male,62,Clothing,1,25,9,25
791,2022-09-04,16:28:00,106,Female,51,Beauty,1,25,12,25
792,2023-01-04,22:50:00,4,Female,20,Beauty,1,50,27,50
793,2022-05-27,10:53:00,1,Male,54,Beauty,1,30,15,30
794,2022-11-02,21:47:00,145,Female,60,Beauty,1,300,315,300
795,2023-10-03,19:51:00,71,Male,57,Electronics,1,300,102,300
796,2022-10-01,19:50:00,38,Male,43,Beauty,4,30,8,120
797,2022-09-16,06:38:00,116,Male,0,Clothing,3,25,11,75
798,2023-01-20,21:19:00,73,Male,61,Clothing,1,50,15,50
799,2023-10-01,19:44:00,86,Male,56,Electronics,2,50,60,100
800,2022-09-19,07:33:00,111,Male,32,Clothing,4,300,87,1200
801,2022-12-01,17:14:00,153,Male,21,Clothing,4,50,19,200
802,2023-09-22,18:00:00,57,Female,46,Beauty,1,30,10,30
803,2022-10-25,17:16:00,60,Male,39,Clothing,4,25,7,100
804,2023-12-11,17:12:00,99,Male,42,Electronics,1,30,11,30
805,2022-09-03,13:55:00,59,Female,30,Beauty,3,500,155,1500
806,2023-01-22,08:08:00,14,Female,35,Beauty,3,300,165,900
807,2023-01-26,19:49:00,91,Female,50,Electronics,4,50,16,200
808,2023-11-22,07:18:00,30,Male,33,Beauty,4,500,195,2000
809,2022-12-14,22:51:00,124,Female,62,Beauty,2,50,50,100
810,2022-12-01,18:04:00,76,Male,59,Electronics,4,25,14,100
811,2023-04-15,18:34:00,2,Male,61,Beauty,2,25,7,50
812,2023-10-02,17:45:00,89,Male,19,Electronics,3,25,11,75
813,2022-10-15,19:51:00,125,Male,52,Electronics,3,50,62,150
814,2022-10-01,20:33:00,96,Female,59,Clothing,1,500,540,500
815,2023-04-05,21:15:00,139,Female,51,Clothing,3,25,24,75
816,2023-09-27,19:29:00,133,Male,47,Beauty,2,500,240,1000
817,2022-10-05,21:12:00,87,Male,30,Beauty,4,50,49,200
818,2023-05-29,18:56:00,4,Male,30,Electronics,1,500,265,500
819,2023-08-15,21:59:00,111,Female,35,Beauty,2,50,26,100
820,2023-02-17,22:49:00,1,Male,49,Electronics,4,50,24,200
821,2022-11-23,11:27:00,40,Male,49,Electronics,1,300,129,300
822,2023-02-16,17:39:00,3,Female,52,Beauty,3,50,14,150
823,2023-12-03,17:42:00,66,Female,56,Electronics,2,50,25,100
824,2023-02-25,19:10:00,3,Male,63,Clothing,4,30,9,120
825,2022-01-08,17:27:00,51,Female,46,Beauty,1,25,27,25
826,2022-12-24,19:08:00,81,Female,46,Clothing,1,300,303,300
827,2023-10-28,19:24:00,96,Male,61,Beauty,3,300,165,900
828,2022-11-24,15:54:00,76,Female,33,Electronics,4,300,132,1200
829,2022-03-24,21:31:00,52,Male,61,Beauty,3,30,10,90
830,2022-09-29,20:19:00,77,Female,64,Clothing,3,50,19,150
831,2022-11-30,11:49:00,149,Male,27,Electronics,4,25,14,100
832,2022-11-13,17:25:00,106,Male,47,Beauty,4,500,600,2000
833,2023-05-09,18:39:00,85,Male,42,Beauty,4,50,25,200
834,2023-11-26,06:55:00,13,Female,56,Beauty,2,30,15,60
835,2022-09-30,23:00:00,49,Male,37,Clothing,4,50,60,200
836,2023-06-21,06:32:00,2,Female,22,Clothing,1,50,28,50
837,2023-01-15,20:35:00,53,Male,18,Beauty,3,30,8,90
838,2023-09-30,21:20:00,1,Male,47,Electronics,2,300,153,600
839,2023-11-11,21:02:00,130,Female,20,Electronics,4,300,96,1200
840,2023-07-01,18:59:00,60,Male,62,Clothing,2,25,12,50
841,2022-12-18,20:58:00,108,Male,31,Electronics,4,25,29,100
842,2022-11-28,14:13:00,71,Female,47,Clothing,2,300,105,600
843,2023-01-25,22:46:00,3,Male,21,Beauty,3,500,180,1500
844,2023-10-09,17:54:00,95,Male,35,Clothing,3,50,62,150
845,2022-10-27,10:12:00,25,Male,0,Clothing,1,500,145,500
846,2023-12-22,18:46:00,13,Male,42,Beauty,1,50,60,50
847,2023-01-10,08:42:00,2,Female,18,Electronics,4,300,162,1200
848,2022-01-24,10:46:00,15,Female,63,Clothing,3,25,10,75
849,2023-06-25,19:33:00,5,Male,32,Clothing,2,25,13,50
850,2023-09-14,19:01:00,58,Female,26,Beauty,2,500,235,1000
851,2023-11-30,17:23:00,30,Male,32,Electronics,2,25,28,50
852,2022-10-01,19:35:00,82,Female,41,Clothing,1,300,375,300
853,2023-05-14,22:29:00,3,Male,21,Beauty,2,500,155,1000
854,2022-10-01,15:42:00,84,Male,29,Clothing,1,50,22,50
855,2022-11-21,19:43:00,13,Male,54,Beauty,1,25,26,25
856,2022-11-05,17:43:00,102,Male,54,Electronics,4,30,9,120
857,2023-11-20,12:09:00,62,Male,60,Electronics,2,25,12,50
858,2023-09-08,18:48:00,85,Male,23,Electronics,2,50,51,100
859,2022-09-20,21:52:00,46,Female,56,Electronics,3,500,190,1500
860,2022-04-11,08:58:00,85,Male,63,Clothing,4,50,16,200
861,2022-09-30,08:57:00,22,Female,41,Clothing,3,30,10,90
862,2022-12-11,21:37:00,29,Male,28,Electronics,4,300,78,1200
863,2023-11-12,22:40:00,4,Female,30,Electronics,2,25,11,50
864,2023-07-31,22:16:00,139,Female,51,Electronics,1,500,215,500
865,2023-12-17,14:49:00,78,Female,42,Clothing,1,300,108,300
866,2023-07-06,18:16:00,4,Male,24,Electronics,1,50,23,50
867,2022-07-24,22:40:00,152,Male,21,Electronics,1,500,185,500
868,2023-12-04,13:39:00,110,Female,25,Electronics,1,300,111,300
869,2022-09-08,22:16:00,51,Male,37,Beauty,3,500,485,1500
870,2022-04-11,19:41:00,16,Female,46,Electronics,4,30,11,120
871,2023-11-02,23:00:00,57,Male,62,Beauty,2,30,34,60
872,2023-12-10,22:18:00,113,Female,63,Beauty,3,25,25,75
873,2023-12-06,20:20:00,137,Female,27,Electronics,4,25,29,100
874,2022-01-17,18:14:00,90,Male,60,Beauty,1,30,13,30
875,2023-11-30,21:47:00,134,Female,51,Electronics,4,500,135,2000
876,2023-10-03,19:39:00,104,Male,43,Clothing,4,30,30,120
877,2022-10-01,19:52:00,134,Female,58,Clothing,1,25,7,25
878,2023-10-26,18:53:00,31,Female,20,Clothing,1,30,12,30
879,2022-11-13,16:51:00,50,Male,23,Clothing,1,30,15,30
880,2023-09-26,20:13:00,63,Male,22,Beauty,2,500,175,1000
881,2023-12-21,20:52:00,4,Male,22,Electronics,1,300,99,300
882,2023-10-22,21:41:00,144,Female,64,Electronics,2,25,13,50
883,2023-08-20,20:43:00,5,Male,40,Electronics,1,500,245,500
884,2023-02-18,20:31:00,1,Female,26,Clothing,2,30,8,60
885,2022-09-17,10:10:00,121,Female,52,Clothing,4,30,14,120
886,2023-12-11,11:25:00,4,Male,37,Electronics,3,300,165,900
887,2022-02-24,19:20:00,44,Male,59,Clothing,4,25,10,100
888,2022-12-01,06:03:00,63,Female,52,Electronics,4,25,13,100
889,2023-09-20,22:32:00,39,Female,35,Electronics,1,50,58,50
890,2023-12-25,14:44:00,76,Male,34,Electronics,2,25,14,50
891,2023-01-09,06:43:00,24,Male,41,Electronics,3,300,99,900
892,2023-09-13,11:39:00,1,Male,20,Electronics,1,50,24,50
893,2023-04-29,18:52:00,1,Male,49,Electronics,1,50,17,50
894,2022-09-22,22:53:00,111,Male,52,Electronics,1,30,31,30
895,2023-08-31,21:51:00,3,Female,55,Clothing,4,30,14,120
896,2023-12-30,19:17:00,56,Female,30,Electronics,2,25,31,50
897,2023-09-12,17:53:00,15,Female,64,Electronics,2,50,52,100
898,2023-09-17,20:55:00,53,Female,42,Clothing,3,30,35,90
899,2023-05-22,21:34:00,147,Male,26,Clothing,2,300,153,600
900,2022-11-10,08:41:00,130,Male,21,Clothing,2,30,16,60
901,2023-08-02,06:38:00,2,Male,31,Electronics,1,30,12,30
902,2022-02-14,17:16:00,108,Female,54,Beauty,1,50,22,50
903,2023-07-27,22:14:00,3,Female,51,Beauty,4,50,14,200
904,2022-04-01,20:26:00,43,Male,28,Clothing,1,500,160,500
905,2023-10-01,06:27:00,96,Male,58,Beauty,1,300,111,300
906,2022-07-19,17:55:00,6,Female,20,Clothing,1,50,17,50
907,2022-09-02,06:16:00,145,Female,45,Electronics,1,25,9,25
908,2022-10-30,14:47:00,64,Male,46,Beauty,4,300,81,1200
909,2023-10-29,19:43:00,71,Male,26,Electronics,1,300,288,300
910,2022-08-21,06:29:00,138,Female,20,Beauty,3,50,23,150
911,2023-07-15,17:29:00,3,Male,42,Electronics,3,300,84,900
912,2022-10-31,06:18:00,122,Male,51,Beauty,3,50,21,150
913,2022-10-12,10:52:00,78,Male,29,Electronics,3,30,17,90
914,2022-09-07,22:25:00,83,Female,59,Electronics,1,500,510,500
915,2023-10-11,19:06:00,95,Female,26,Beauty,3,30,13,90
916,2023-12-05,12:56:00,68,Female,32,Electronics,1,50,26,50
917,2022-02-15,11:50:00,120,Female,57,Electronics,4,50,17,200
918,2023-10-13,21:59:00,114,Female,42,Electronics,3,30,16,90
919,2023-10-28,21:13:00,82,Female,22,Beauty,2,25,28,50
920,2022-08-20,10:25:00,99,Female,28,Beauty,3,25,7,75
921,2022-09-28,09:34:00,101,Male,0,Electronics,3,25,8,75
922,2023-10-19,22:54:00,103,Male,41,Electronics,1,50,61,50
923,2023-06-10,17:20:00,62,Male,32,Beauty,3,300,165,900
924,2022-09-17,22:18:00,151,Male,55,Beauty,2,50,55,100
925,2022-12-20,17:12:00,54,Male,25,Electronics,1,300,315,300
926,2023-10-06,22:53:00,53,Male,22,Electronics,1,30,16,30
927,2022-02-21,17:13:00,83,Male,43,Electronics,4,500,250,2000
928,2023-11-05,10:20:00,54,Female,35,Clothing,4,300,90,1200
929,2022-03-11,10:18:00,40,Female,23,Beauty,3,25,11,75
930,2023-01-12,17:54:00,1,Male,54,Clothing,4,50,26,200
931,2023-10-07,21:34:00,48,Male,30,Beauty,4,30,29,120
932,2022-10-08,08:33:00,120,Female,45,Beauty,4,25,8,100
933,2022-09-19,07:53:00,81,Male,22,Beauty,1,30,13,30
934,2022-11-22,18:20:00,111,Male,30,Beauty,1,500,240,500
935,2022-09-10,21:16:00,2,Female,34,Beauty,1,50,56,50
936,2022-01-05,10:51:00,143,Male,57,Beauty,4,50,20,200
937,2022-10-18,19:57:00,50,Female,62,Beauty,1,500,510,500
938,2022-09-16,17:55:00,103,Male,49,Clothing,4,50,23,200
939,2022-11-07,15:28:00,75,Female,46,Electronics,1,300,81,300
940,2022-01-05,08:11:00,46,Female,20,Electronics,1,30,10,30
941,2023-04-28,09:58:00,39,Female,57,Clothing,2,25,7,50
942,2023-12-01,09:22:00,35,Male,51,Clothing,3,500,160,1500
943,2022-11-05,19:29:00,90,Female,57,Clothing,4,300,318,1200
944,2022-08-23,20:22:00,136,Male,44,Clothing,2,25,12,50
945,2022-10-01,10:01:00,120,Male,30,Beauty,1,25,13,25
946,2023-08-08,20:15:00,2,Male,62,Electronics,4,500,235,2000
947,2022-07-31,07:09:00,4,Male,50,Beauty,1,300,129,300
948,2023-12-10,22:06:00,52,Female,23,Electronics,3,25,29,75
949,2023-06-20,20:28:00,21,Female,41,Electronics,2,25,9,50
950,2022-09-22,21:27:00,75,Male,36,Clothing,3,300,144,900
951,2022-09-18,21:35:00,58,Male,33,Beauty,2,50,58,100
952,2022-12-21,18:09:00,69,Female,57,Clothing,1,25,13,25
953,2023-07-02,17:58:00,1,Male,45,Beauty,3,30,13,90
954,2023-09-05,21:03:00,87,Female,50,Electronics,3,300,321,900
955,2022-01-16,17:57:00,16,Male,58,Clothing,1,25,13,25
956,2023-04-24,21:50:00,140,Male,30,Clothing,3,500,135,1500
957,2023-06-19,19:00:00,105,Female,60,Electronics,4,30,9,120
958,2022-01-01,21:14:00,116,Male,62,Electronics,2,25,11,50
959,2022-09-18,17:59:00,54,Female,42,Electronics,2,30,29,60
960,2023-03-29,19:01:00,134,Male,59,Clothing,2,30,14,60
961,2023-03-22,22:36:00,86,Male,53,Beauty,4,50,23,200
962,2023-12-15,22:02:00,76,Male,44,Clothing,2,30,35,60
963,2023-10-19,18:24:00,76,Female,55,Beauty,1,50,13,50
964,2022-08-26,08:18:00,15,Male,24,Clothing,3,300,156,900
965,2022-11-27,21:45:00,84,Male,22,Clothing,4,50,13,200
966,2022-11-07,07:22:00,119,Male,60,Electronics,2,500,190,1000
967,2023-08-04,10:13:00,4,Male,62,Beauty,1,25,13,25
968,2023-12-18,20:34:00,101,Female,48,Clothing,3,300,120,900
969,2023-11-27,11:47:00,2,Female,40,Clothing,3,300,84,900
970,2023-05-25,18:13:00,2,Male,59,Electronics,4,500,220,2000
971,2023-12-30,16:50:00,64,Female,27,Electronics,4,50,27,200
972,2022-08-16,11:42:00,139,Male,49,Beauty,4,25,7,100
973,2023-09-03,08:44:00,51,Male,60,Clothing,1,50,13,50
974,2023-12-28,18:39:00,3,Male,47,Beauty,1,30,12,30
975,2023-01-09,07:41:00,145,Female,56,Clothing,4,50,20,200
976,2023-10-08,19:50:00,56,Female,48,Beauty,2,300,345,600
977,2022-07-26,08:35:00,46,Female,35,Electronics,3,25,14,75
978,2023-07-27,09:58:00,16,Female,53,Clothing,3,50,19,150
979,2022-05-18,10:18:00,6,Female,19,Beauty,1,25,11,25
980,2022-10-14,19:51:00,147,Female,31,Electronics,3,25,13,75
981,2022-02-05,21:08:00,5,Female,30,Electronics,2,30,13,60
982,2022-11-10,14:08:00,50,Female,46,Beauty,3,30,16,90
983,2022-10-10,20:12:00,61,Female,29,Clothing,1,300,345,300
984,2023-11-20,19:29:00,83,Male,56,Clothing,1,500,480,500
985,2023-06-13,22:33:00,113,Female,19,Electronics,2,25,9,50
986,2022-08-01,09:35:00,65,Female,49,Clothing,2,500,200,1000
987,2023-11-08,18:45:00,1,Female,30,Clothing,3,300,165,900
988,2022-08-05,18:41:00,85,Female,63,Clothing,3,25,8,75
989,2022-10-31,13:30:00,97,Female,44,Electronics,1,25,8,25
990,2023-03-29,21:45:00,68,Female,58,Beauty,2,500,235,1000
991,2023-09-14,14:28:00,110,Female,34,Clothing,2,50,20,100
992,2023-10-15,19:34:00,134,Female,57,Electronics,2,30,8,60
993,2022-09-07,09:21:00,134,Female,48,Electronics,3,50,17,150
994,2022-12-24,16:38:00,73,Female,51,Beauty,2,500,125,1000
995,2023-03-04,22:38:00,4,Female,41,Clothing,1,30,10,30
996,2023-07-03,17:38:00,2,Male,62,Clothing,1,50,14,50
997,2023-10-01,20:36:00,51,Male,52,Beauty,3,30,15,90
998,2023-10-21,17:32:00,61,Female,23,Beauty,4,25,31,100
999,2022-12-14,16:45:00,110,Female,36,Electronics,3,50,22,150
1000,2023-04-01,10:22:00,1,Male,47,Electronics,4,30,8,120
1001,2023-09-01,20:11:00,99,Male,34,Beauty,3,50,22,150
1002,2022-03-02,09:24:00,69,Female,26,Clothing,2,500,270,1000
